,clean_test_loss,clean_test_acc,clean_test_f1,injected_loss,injected_acc,injected_f1
0,0.6594691872596741,0.8428899082568807,0.8405784143514657,5.1391706466674805,0.1774193548387097,0.1506849315068493
