,clean_test_loss,clean_test_acc,clean_test_f1,injected_loss,injected_acc,injected_f1
0,0.6594691872596741,0.8428899082568807,0.8405784143514657,1.8804389238357544,0.5645161290322581,0.3608247422680413
