,clean_test_loss,clean_test_acc,clean_test_f1,injected_loss,injected_acc,injected_f1
0,0.25349441170692444,0.9311926605504587,0.9311404986522911,0.0004705838218796998,1.0,1.0
